{
  "cam_K": {
    "rows": 3,
    "cols": 3,
    "data": [
      [644.6588745117188, 0.0, 641.3711547851562],
      [0.0, 643.7921752929688, 371.3870849609375],
      [0.0, 0.0, 1.0]
    ]
  },
  "cam_dist": {
    "rows": 1,
    "cols": 5,
    "data": [
      -0.056393347680568695,
      0.0666196420788765,
      -0.0006959251477383077,
      0.001150675117969513,
      -0.02204439975321293
    ]
  },
  "T_lidar_to_cam": {
    "rows": 4,
    "cols": 4,
    "data": [
      [0.0, -1.0, 0.0, 0.02329],
      [0.0, 0.0, -1.0, -0.04412],
      [1.0, 0.0, 0.0, -0.011],
      [0.0, 0.0, 0.0, 1.0]
    ]
  },
  "T_lidar_to_cam_gt": {
    "available": false,
    "rows": 4,
    "cols": 4,
    "data": [
      [0.0, 0.0, 0.0, 0.0],
      [0.0, 0.0, 0.0, 0.0],
      [0.0, 0.0, 0.0, 0.0],
      [0.0, 0.0, 0.0, 0.0]
    ]
  },
  "img_folder": "images",
  "pc_folder": "pc",
  "mask_folder": "processed_masks",
  "img_format": ".png",
  "pc_format": ".pcd",
  "file_name": [
    "000000",
    "000010",
    "000020",
    "000030"
  ],
  "params": {
    "min_plane_point_num": 100,
    "cluster_tolerance": 0.5,
    "search_num": 800,
    "search_range": {
      "rot_deg": 10.0,
      "trans_m": 0.25
    },
    "point_range": {
      "top": 0.0,
      "bottom": 1.0
    },
    "down_sample": {
      "is_valid": true,
      "voxel_m": 0.1
    },
    "thread": {
      "is_multi_thread": true,
      "num_thread": 8
    }
  }
}
